"","end_time_local","id","start_time_local","title","username","streams.AirBeam-PM.average_value","streams.AirBeam-PM.id","streams.AirBeam-PM.max_latitude","streams.AirBeam-PM.max_longitude","streams.AirBeam-PM.measurement_short_type","streams.AirBeam-PM.measurement_type","streams.AirBeam-PM.measurements_count","streams.AirBeam-PM.min_latitude","streams.AirBeam-PM.min_longitude","streams.AirBeam-PM.sensor_name","streams.AirBeam-PM.sensor_package_name","streams.AirBeam-PM.session_id","streams.AirBeam-PM.start_latitude","streams.AirBeam-PM.start_longitude","streams.AirBeam-PM.threshold_high","streams.AirBeam-PM.threshold_low","streams.AirBeam-PM.threshold_medium","streams.AirBeam-PM.threshold_very_high","streams.AirBeam-PM.threshold_very_low","streams.AirBeam-PM.unit_name","streams.AirBeam-PM.unit_symbol","streams.AirBeam-PM.size","streams.AirBeam-F.average_value","streams.AirBeam-F.id","streams.AirBeam-F.max_latitude","streams.AirBeam-F.max_longitude","streams.AirBeam-F.measurement_short_type","streams.AirBeam-F.measurement_type","streams.AirBeam-F.measurements_count","streams.AirBeam-F.min_latitude","streams.AirBeam-F.min_longitude","streams.AirBeam-F.sensor_name","streams.AirBeam-F.sensor_package_name","streams.AirBeam-F.session_id","streams.AirBeam-F.start_latitude","streams.AirBeam-F.start_longitude","streams.AirBeam-F.threshold_high","streams.AirBeam-F.threshold_low","streams.AirBeam-F.threshold_medium","streams.AirBeam-F.threshold_very_high","streams.AirBeam-F.threshold_very_low","streams.AirBeam-F.unit_name","streams.AirBeam-F.unit_symbol","streams.AirBeam-F.size","streams.Phone Microphone.average_value","streams.Phone Microphone.id","streams.Phone Microphone.max_latitude","streams.Phone Microphone.max_longitude","streams.Phone Microphone.measurement_short_type","streams.Phone Microphone.measurement_type","streams.Phone Microphone.measurements_count","streams.Phone Microphone.min_latitude","streams.Phone Microphone.min_longitude","streams.Phone Microphone.sensor_name","streams.Phone Microphone.sensor_package_name","streams.Phone Microphone.session_id","streams.Phone Microphone.start_latitude","streams.Phone Microphone.start_longitude","streams.Phone Microphone.threshold_high","streams.Phone Microphone.threshold_low","streams.Phone Microphone.threshold_medium","streams.Phone Microphone.threshold_very_high","streams.Phone Microphone.threshold_very_low","streams.Phone Microphone.unit_name","streams.Phone Microphone.unit_symbol","streams.Phone Microphone.size","streams.AirBeam-RH.average_value","streams.AirBeam-RH.id","streams.AirBeam-RH.max_latitude","streams.AirBeam-RH.max_longitude","streams.AirBeam-RH.measurement_short_type","streams.AirBeam-RH.measurement_type","streams.AirBeam-RH.measurements_count","streams.AirBeam-RH.min_latitude","streams.AirBeam-RH.min_longitude","streams.AirBeam-RH.sensor_name","streams.AirBeam-RH.sensor_package_name","streams.AirBeam-RH.session_id","streams.AirBeam-RH.start_latitude","streams.AirBeam-RH.start_longitude","streams.AirBeam-RH.threshold_high","streams.AirBeam-RH.threshold_low","streams.AirBeam-RH.threshold_medium","streams.AirBeam-RH.threshold_very_high","streams.AirBeam-RH.threshold_very_low","streams.AirBeam-RH.unit_name","streams.AirBeam-RH.unit_symbol","streams.AirBeam-RH.size","type","average"
"1","2015-10-04T19:44:54Z",10046,"2015-10-04T17:52:52Z","Crescent Beach ","HHHDenver",13.480500,27899, 27.26265, -82.53442,PM,Particulate Matter,6696, 27.24753, -82.54849,AirBeam-PM,AirBeam:001896105CBB,10046, 27.24792, -82.53494,55,12,35,150,0,micrograms per cubic meter,µg/m³,6696,79.2431,27900, 27.26265, -82.53442,F,Temperature,6696, 27.24753, -82.54849,AirBeam-F,AirBeam:001896105CBB,10046, 27.24792, -82.53494,75,25,50,100,0,degrees Fahrenheit,F,6696, 94.4357,27901, 27.26265, -82.53442,dB,Sound Level, 8632, 27.24753, -82.54849,Phone Microphone,Builtin,10046, 27.24792, -82.53494,80,60,70,100,20,decibels,dB, 8632,63.7921,27902, 27.26265, -82.53442,RH,Humidity,6696, 27.24753, -82.54849,AirBeam-RH,AirBeam:001896105CBB,10046, 27.24792, -82.53494,75,25,50,100,0,percent,%,6696,"MobileSession",13.4805033
"2","2015-10-03T19:01:06Z",10031,"2015-10-03T17:57:34Z","SRQ to Seaclub V","HHHDenver", 3.842740,27782, 27.39048, -82.52287,PM,Particulate Matter,3799, 27.24798, -82.55666,AirBeam-PM,AirBeam:001896105CBB,10031, 31.98162, -84.94646,55,12,35,150,0,micrograms per cubic meter,µg/m³,3799,82.5925,27783, 27.39048, -82.52287,F,Temperature,3799, 27.24798, -82.55666,AirBeam-F,AirBeam:001896105CBB,10031, 31.98162, -84.94646,75,25,50,100,0,degrees Fahrenheit,F,3799, 69.8291,27784, 27.39048, -82.52287,dB,Sound Level, 4897, 27.24798, -82.55666,Phone Microphone,Builtin,10031, 31.98162, -84.94646,80,60,70,100,20,decibels,dB, 4897,50.1132,27785, 27.39047, -82.52287,RH,Humidity,3799, 27.24798, -82.55666,AirBeam-RH,AirBeam:001896105CBB,10031, 31.98162, -84.94646,75,25,50,100,0,percent,%,3799,"MobileSession", 3.8427402
"3","2015-10-03T21:32:25Z",10030,"2015-10-03T20:27:19Z","212 to Phillipi Creek","HHHDenver", 1.946170,27778, 27.27547, -82.52271,PM,Particulate Matter,3892, 27.24795, -82.53523,AirBeam-PM,AirBeam:001896105CBB,10030, 27.24802, -82.53451,55,12,35,150,0,micrograms per cubic meter,µg/m³,3892,82.7420,27779, 27.27547, -82.52271,F,Temperature,3892, 27.24795, -82.53523,AirBeam-F,AirBeam:001896105CBB,10030, 27.24802, -82.53451,75,25,50,100,0,degrees Fahrenheit,F,3892, 70.7240,27780, 27.27547, -82.52271,dB,Sound Level, 5011, 27.24795, -82.53523,Phone Microphone,Builtin,10030, 27.24802, -82.53451,80,60,70,100,20,decibels,dB, 5011,58.3094,27781, 27.27547, -82.52271,RH,Humidity,3892, 27.24795, -82.53523,AirBeam-RH,AirBeam:001896105CBB,10030, 27.24802, -82.53451,75,25,50,100,0,percent,%,3892,"MobileSession", 1.9461665
"4","2015-10-03T22:39:47Z",10029,"2015-10-03T21:49:13Z","public to 212","HHHDenver", 2.914160,27774, 27.26121, -82.51908,PM,Particulate Matter,3023, 27.24765, -82.53539,AirBeam-PM,AirBeam:001896105CBB,10029, 27.26095, -82.51915,55,12,35,150,0,micrograms per cubic meter,µg/m³,3023,79.3073,27775, 27.26121, -82.51908,F,Temperature,3023, 27.24765, -82.53539,AirBeam-F,AirBeam:001896105CBB,10029, 27.26095, -82.51915,75,25,50,100,0,degrees Fahrenheit,F,3023, 79.6832,27776, 27.26121, -82.51908,dB,Sound Level, 3932, 27.24765, -82.53539,Phone Microphone,Builtin,10029, 27.26095, -82.51915,80,60,70,100,20,decibels,dB, 3932,40.9570,27777, 27.26120, -82.51908,RH,Humidity,3023, 27.24765, -82.53539,AirBeam-RH,AirBeam:001896105CBB,10029, 27.26095, -82.51915,75,25,50,100,0,percent,%,3023,"MobileSession", 2.9141614
"5","2015-10-02T04:25:30Z",10026,"2015-10-02T03:28:24Z","e","HHHDenver", 0.906306,27765, 40.51748, -79.28824,PM,Particulate Matter,3414, 40.02125, -79.80123,AirBeam-PM,AirBeam:001896105CBB,10026, 40.02252, -79.29609,55,12,35,150,0,micrograms per cubic meter,µg/m³,3414,75.9795,27766, 40.51748, -79.28824,F,Temperature,3415, 40.02125, -79.80123,AirBeam-F,AirBeam:001896105CBB,10026, 40.02252, -79.29609,75,25,50,100,0,degrees Fahrenheit,F,3415, 75.1459,27767, 40.51748, -79.28824,dB,Sound Level, 4431, 40.02125, -79.80123,Phone Microphone,Builtin,10026, 40.02252, -79.29609,80,60,70,100,20,decibels,dB, 4431,29.5280,27768, 40.51748, -79.28824,RH,Humidity,3415, 40.02125, -79.80123,AirBeam-RH,AirBeam:001896105CBB,10026, 40.02252, -79.29609,75,25,50,100,0,percent,%,3415,"MobileSession", 0.9063064
"6","2015-10-02T04:53:40Z",10025,"2015-10-02T04:52:14Z","g","HHHDenver", 0.797701,27761, 40.43299, -80.11110,PM,Particulate Matter,  87, 40.42451, -80.14091,AirBeam-PM,AirBeam:001896105CBB,10025, 40.42451, -80.11110,55,12,35,150,0,micrograms per cubic meter,µg/m³,  87,80.0000,27762, 40.43299, -80.11110,F,Temperature,  87, 40.42451, -80.14091,AirBeam-F,AirBeam:001896105CBB,10025, 40.42451, -80.11110,75,25,50,100,0,degrees Fahrenheit,F,  87, 72.1014,27763, 40.43299, -80.11110,dB,Sound Level,  113, 40.42451, -80.14091,Phone Microphone,Builtin,10025, 40.42451, -80.11110,80,60,70,100,20,decibels,dB,  113,24.0690,27764, 40.43299, -80.11110,RH,Humidity,  87, 40.42451, -80.14091,AirBeam-RH,AirBeam:001896105CBB,10025, 40.42451, -80.11110,75,25,50,100,0,percent,%,  87,"MobileSession", 0.7977011
"7","2015-09-30T15:14:58Z",10007,"2015-09-30T14:33:22Z","Prezentation","HHHDenver", 1.043440,27701, 40.02388, -79.29854,PM,Particulate Matter,2488, 40.02368, -79.29891,AirBeam-PM,AirBeam:001896105CBB,10007, 40.02375, -79.29859,55,12,35,150,0,micrograms per cubic meter,µg/m³,2488,76.1785,27702, 40.02388, -79.29854,F,Temperature,2488, 40.02368, -79.29891,AirBeam-F,AirBeam:001896105CBB,10007, 40.02375, -79.29859,75,25,50,100,0,degrees Fahrenheit,F,2488, 78.6857,27703, 40.02388, -79.29854,dB,Sound Level, 3250, 40.02368, -79.29891,Phone Microphone,Builtin,10007, 40.02375, -79.29859,80,60,70,100,20,decibels,dB, 3250,34.2002,27704, 40.02388, -79.29854,RH,Humidity,2488, 40.02368, -79.29891,AirBeam-RH,AirBeam:001896105CBB,10007, 40.02375, -79.29859,75,25,50,100,0,percent,%,2488,"MobileSession", 1.0434445
"8","2015-09-30T09:47:35Z",10005,"2015-09-30T08:12:18Z","Siegel","HHHDenver", 0.582254,27693, 40.02387, -79.29575,PM,Particulate Matter,5697, 40.02233, -79.29873,AirBeam-PM,AirBeam:001896105CBB,10005, 40.02255, -79.29575,55,12,35,150,0,micrograms per cubic meter,µg/m³,5697,77.2340,27694, 40.02387, -79.29575,F,Temperature,5697, 40.02233, -79.29873,AirBeam-F,AirBeam:001896105CBB,10005, 40.02255, -79.29575,75,25,50,100,0,degrees Fahrenheit,F,5697, 66.8940,27695, 40.02387, -79.29575,dB,Sound Level, 7314, 40.02233, -79.29873,Phone Microphone,Builtin,10005, 40.02255, -79.29575,80,60,70,100,20,decibels,dB, 7314,37.7636,27696, 40.02387, -79.29575,RH,Humidity,5697, 40.02233, -79.29873,AirBeam-RH,AirBeam:001896105CBB,10005, 40.02255, -79.29575,75,25,50,100,0,percent,%,5697,"MobileSession", 0.5822538
"9","2015-09-29T20:41:52Z", 9993,"2015-09-29T19:53:12Z","seven springs 1","HHHDenver",11.145800,27639, 40.36915, -79.29591,PM,Particulate Matter,2680, 40.02296, -79.69246,AirBeam-PM,AirBeam:001896105CBB, 9993, 40.36915, -79.67888,55,12,35,150,0,micrograms per cubic meter,µg/m³,2680,83.7612,27640, 40.36915, -79.29591,F,Temperature,2680, 40.02295, -79.69246,AirBeam-F,AirBeam:001896105CBB, 9993, 40.36915, -79.67888,75,25,50,100,0,degrees Fahrenheit,F,2680, 79.9643,27641, 40.36915, -79.29591,dB,Sound Level, 3784, 40.02272, -79.69246,Phone Microphone,Builtin, 9993, 40.36915, -79.67888,80,60,70,100,20,decibels,dB, 3784,27.0396,27642, 40.36915, -79.29591,RH,Humidity,2680, 40.02295, -79.69246,AirBeam-RH,AirBeam:001896105CBB, 9993, 40.36915, -79.67888,75,25,50,100,0,percent,%,2680,"MobileSession",11.1458321
"10","2015-09-29T19:48:46Z", 9992,"2015-09-29T18:11:15Z","pit 2 ","HHHDenver", 2.381030,27635, 40.49949, -79.72098,PM,Particulate Matter,5831, 40.40788, -80.26991,AirBeam-PM,AirBeam:001896105CBB, 9992, 40.49460, -80.25751,55,12,35,150,0,micrograms per cubic meter,µg/m³,5831,79.9071,27636, 40.49949, -79.72098,F,Temperature,5831, 40.40788, -80.26991,AirBeam-F,AirBeam:001896105CBB, 9992, 40.49460, -80.25751,75,25,50,100,0,degrees Fahrenheit,F,5831, 70.9931,27637, 40.49468, -79.72098,dB,Sound Level,  521, 40.40788, -80.25751,Phone Microphone,Builtin, 9992, 40.49460, -80.25751,80,60,70,100,20,decibels,dB,  521,44.6532,27638, 40.49949, -79.72098,RH,Humidity,5831, 40.40788, -80.26991,AirBeam-RH,AirBeam:001896105CBB, 9992, 40.49460, -80.25751,75,25,50,100,0,percent,%,5831,"MobileSession", 2.3810324
"11","2015-09-29T18:08:33Z", 9990,"2015-09-29T16:39:06Z","PIT ","HHHDenver", 5.512600,27621, 40.49814, -80.23348,PM,Particulate Matter,5350, 40.48910, -80.26671,AirBeam-PM,AirBeam:001896105CBB, 9990, 40.49420, -80.26671,55,12,35,150,0,micrograms per cubic meter,µg/m³,5350,78.5409,27622, 40.49814, -80.23348,F,Temperature,5350, 40.48910, -80.26671,AirBeam-F,AirBeam:001896105CBB, 9990, 40.49420, -80.26671,75,25,50,100,0,degrees Fahrenheit,F,5350, 77.2722,27623, 40.49814, -80.23348,dB,Sound Level, 1717, 40.48910, -80.26671,Phone Microphone,Builtin, 9990, 40.49420, -80.26671,80,60,70,100,20,decibels,dB, 1717,45.0411,27624, 40.49814, -80.23348,RH,Humidity,5350, 40.48910, -80.26671,AirBeam-RH,AirBeam:001896105CBB, 9990, 40.49420, -80.26671,75,25,50,100,0,percent,%,5350,"MobileSession", 5.5126000
"12","2015-09-27T15:50:56Z", 9973,"2015-09-27T15:03:47Z","bike ride modified path.","HHHDenver", 1.110630,27538, 39.68942,-104.87078,PM,Particulate Matter,2819, 39.66226,-104.89650,AirBeam-PM,AirBeam:001896105CBB, 9973, 39.68374,-104.89163,55,12,35,150,0,micrograms per cubic meter,µg/m³,2819,90.3494,27539, 39.68942,-104.87078,F,Temperature,2819, 39.66226,-104.89650,AirBeam-F,AirBeam:001896105CBB, 9973, 39.68374,-104.89163,75,25,50,100,0,degrees Fahrenheit,F,2819, 80.5217,27540, 39.68942,-104.87078,dB,Sound Level, 3620, 39.66226,-104.89650,Phone Microphone,Builtin, 9973, 39.68374,-104.89163,80,60,70,100,20,decibels,dB, 3620,15.2937,27541, 39.68942,-104.87078,RH,Humidity,2819, 39.66226,-104.89650,AirBeam-RH,AirBeam:001896105CBB, 9973, 39.68374,-104.89163,75,25,50,100,0,percent,%,2819,"MobileSession", 1.1106350
"13","2015-09-22T17:44:28Z", 9944,"2015-09-22T16:17:01Z","DEN thru take off.","HHHDenver", 2.048120,27365, 39.88012,-104.67230,PM,Particulate Matter,5228, 39.78129,-104.76465,AirBeam-PM,AirBeam:001896105CBB, 9944, 39.85688,-104.67363,55,12,35,150,0,micrograms per cubic meter,µg/m³,5228,84.7930,27366, 39.88012,-104.67230,F,Temperature,5228, 39.78129,-104.76465,AirBeam-F,AirBeam:001896105CBB, 9944, 39.85688,-104.67363,75,25,50,100,0,degrees Fahrenheit,F,5228, 75.3976,27367, 39.88012,-104.67230,dB,Sound Level, 6760, 39.78129,-104.76465,Phone Microphone,Builtin, 9944, 39.85688,-104.67363,80,60,70,100,20,decibels,dB, 6760,30.4977,27368, 39.88012,-104.67230,RH,Humidity,5228, 39.78129,-104.76465,AirBeam-RH,AirBeam:001896105CBB, 9944, 39.85688,-104.67363,75,25,50,100,0,percent,%,5228,"MobileSession", 2.0481159
"14","2015-09-22T20:27:10Z", 9943,"2015-09-22T20:00:27Z","SFO taxi & inside restaurant","HHHDenver", 4.196330,27361, 37.62750,-122.38666,PM,Particulate Matter,1598, 37.61807,-122.39576,AirBeam-PM,AirBeam:001896105CBB, 9943, 37.62750,-122.39370,55,12,35,150,0,micrograms per cubic meter,µg/m³,1598,80.2247,27362, 37.62750,-122.38666,F,Temperature,1598, 37.61807,-122.39576,AirBeam-F,AirBeam:001896105CBB, 9943, 37.62750,-122.39370,75,25,50,100,0,degrees Fahrenheit,F,1598, 78.1301,27363, 37.62750,-122.38666,dB,Sound Level, 2074, 37.61807,-122.39576,Phone Microphone,Builtin, 9943, 37.62750,-122.39370,80,60,70,100,20,decibels,dB, 2074,33.3598,27364, 37.62750,-122.38666,RH,Humidity,1598, 37.61807,-122.39576,AirBeam-RH,AirBeam:001896105CBB, 9943, 37.62750,-122.39370,75,25,50,100,0,percent,%,1598,"MobileSession", 4.1963329
"15","2015-09-23T00:00:32Z", 9942,"2015-09-22T21:27:17Z","to hotel","HHHDenver", 8.678300,27357, 37.63319,-122.31285,PM,Particulate Matter,9172, 37.56964,-122.40394,AirBeam-PM,AirBeam:, 9942, 37.61815,-122.38686,55,12,35,150,0,micrograms per cubic meter,µg/m³,9172,81.6782,27358, 37.63319,-122.31285,F,Temperature,9172, 37.56964,-122.40394,AirBeam-F,AirBeam:, 9942, 37.61815,-122.38686,75,25,50,100,0,degrees Fahrenheit,F,9172, 67.0303,27359, 37.63319,-122.31285,dB,Sound Level,11806, 37.56964,-122.40394,Phone Microphone,Builtin, 9942, 37.61815,-122.38686,80,60,70,100,20,decibels,dB,11806,34.0589,27360, 37.63319,-122.31285,RH,Humidity,9172, 37.56964,-122.40394,AirBeam-RH,AirBeam:, 9942, 37.61815,-122.38686,75,25,50,100,0,percent,%,9172,"MobileSession", 8.6782948
"16","2015-09-23T10:30:53Z", 9941,"2015-09-23T09:57:43Z","to Jump","HHHDenver", 5.996950,27353, 37.57930,-122.31308,PM,Particulate Matter,1983, 37.56505,-122.32440,AirBeam-PM,AirBeam:001896105CBB, 9941, 37.57901,-122.32263,55,12,35,150,0,micrograms per cubic meter,µg/m³,1983,76.6904,27354, 37.57930,-122.31308,F,Temperature,1983, 37.56505,-122.32440,AirBeam-F,AirBeam:001896105CBB, 9941, 37.57901,-122.32263,75,25,50,100,0,degrees Fahrenheit,F,1983, 76.9515,27355, 37.57930,-122.31308,dB,Sound Level, 2555, 37.56505,-122.32440,Phone Microphone,Builtin, 9941, 37.57901,-122.32263,80,60,70,100,20,decibels,dB, 2555,37.6379,27356, 37.57930,-122.31308,RH,Humidity,1983, 37.56505,-122.32440,AirBeam-RH,AirBeam:001896105CBB, 9941, 37.57901,-122.32263,75,25,50,100,0,percent,%,1983,"MobileSession", 5.9969491
"17","2015-09-23T11:57:41Z", 9940,"2015-09-23T11:09:27Z","jump","HHHDenver", 4.728130,27349, 37.56674,-122.32386,PM,Particulate Matter,2884, 37.56580,-122.32542,AirBeam-PM,AirBeam:001896105CBB, 9940, 37.56618,-122.32421,55,12,35,150,0,micrograms per cubic meter,µg/m³,2884,74.9528,27350, 37.56674,-122.32386,F,Temperature,2884, 37.56580,-122.32542,AirBeam-F,AirBeam:001896105CBB, 9940, 37.56618,-122.32421,75,25,50,100,0,degrees Fahrenheit,F,2884, 67.1006,27351, 37.56674,-122.32386,dB,Sound Level, 3705, 37.56580,-122.32542,Phone Microphone,Builtin, 9940, 37.56618,-122.32421,80,60,70,100,20,decibels,dB, 3705,42.2910,27352, 37.56674,-122.32386,RH,Humidity,2883, 37.56580,-122.32542,AirBeam-RH,AirBeam:001896105CBB, 9940, 37.56618,-122.32421,75,25,50,100,0,percent,%,2883,"MobileSession", 4.7281311
"18","2015-09-23T11:59:54Z", 9939,"2015-09-23T11:58:28Z","jump2","HHHDenver", 5.020240,27345, 37.56645,-122.32407,PM,Particulate Matter,  85, 37.56593,-122.32573,AirBeam-PM,AirBeam:001896105CBB, 9939, 37.56615,-122.32408,55,12,35,150,0,micrograms per cubic meter,µg/m³,  85,77.0000,27346, 37.56645,-122.32407,F,Temperature,  85, 37.56593,-122.32573,AirBeam-F,AirBeam:001896105CBB, 9939, 37.56615,-122.32408,75,25,50,100,0,degrees Fahrenheit,F,  85, 69.8472,27347, 37.56645,-122.32408,dB,Sound Level,  112, 37.56593,-122.32576,Phone Microphone,Builtin, 9939, 37.56615,-122.32408,80,60,70,100,20,decibels,dB,  112,41.3294,27348, 37.56645,-122.32407,RH,Humidity,  85, 37.56593,-122.32573,AirBeam-RH,AirBeam:001896105CBB, 9939, 37.56615,-122.32408,75,25,50,100,0,percent,%,  85,"MobileSession", 5.0202353
"19","2015-09-23T15:06:24Z", 9938,"2015-09-23T13:51:26Z","Jump lunch","HHHDenver",12.248800,27341, 37.56663,-122.32278,PM,Particulate Matter,4480, 37.56501,-122.32543,AirBeam-PM,AirBeam:001896105CBB, 9938, 37.56628,-122.32430,55,12,35,150,0,micrograms per cubic meter,µg/m³,4480,85.0656,27342, 37.56663,-122.32278,F,Temperature,4480, 37.56501,-122.32543,AirBeam-F,AirBeam:001896105CBB, 9938, 37.56628,-122.32430,75,25,50,100,0,degrees Fahrenheit,F,4480, 96.0173,27343, 37.56663,-122.32278,dB,Sound Level, 5855, 37.56501,-122.32543,Phone Microphone,Builtin, 9938, 37.56628,-122.32430,80,60,70,100,20,decibels,dB, 5855,33.7263,27344, 37.56663,-122.32278,RH,Humidity,4480, 37.56501,-122.32543,AirBeam-RH,AirBeam:001896105CBB, 9938, 37.56628,-122.32430,75,25,50,100,0,percent,%,4480,"MobileSession",12.2488259
"20","2015-09-23T18:48:28Z", 9937,"2015-09-23T18:23:10Z","To hotel","HHHDenver", 2.964280,27337, 37.57947,-122.31279,PM,Particulate Matter,1513, 37.56425,-122.32467,AirBeam-PM,AirBeam:001896105CBB, 9937, 37.56603,-122.32408,55,12,35,150,0,micrograms per cubic meter,µg/m³,1513,80.0139,27338, 37.57947,-122.31279,F,Temperature,1513, 37.56425,-122.32467,AirBeam-F,AirBeam:001896105CBB, 9937, 37.56603,-122.32408,75,25,50,100,0,degrees Fahrenheit,F,1513, 73.8072,27339, 37.57947,-122.31279,dB,Sound Level, 1965, 37.56425,-122.32467,Phone Microphone,Builtin, 9937, 37.56603,-122.32408,80,60,70,100,20,decibels,dB, 1965,32.9306,27340, 37.57947,-122.31279,RH,Humidity,1513, 37.56425,-122.32467,AirBeam-RH,AirBeam:001896105CBB, 9937, 37.56603,-122.32408,75,25,50,100,0,percent,%,1513,"MobileSession", 2.9642763
"21","2015-09-23T22:48:21Z", 9936,"2015-09-23T21:08:16Z","dinner","HHHDenver",39.374400,27333, 37.58452,-122.32187,PM,Particulate Matter,5981, 37.57709,-122.34728,AirBeam-PM,AirBeam:001896105CBB, 9936, 37.57932,-122.32199,55,12,35,150,0,micrograms per cubic meter,µg/m³,5981,81.9241,27334, 37.58452,-122.32187,F,Temperature,5981, 37.57709,-122.34728,AirBeam-F,AirBeam:001896105CBB, 9936, 37.57932,-122.32199,75,25,50,100,0,degrees Fahrenheit,F,5981, 73.5117,27335, 37.58452,-122.32187,dB,Sound Level, 7677, 37.57709,-122.34728,Phone Microphone,Builtin, 9936, 37.57932,-122.32199,80,60,70,100,20,decibels,dB, 7677,32.1120,27336, 37.58452,-122.32187,RH,Humidity,5981, 37.57709,-122.34728,AirBeam-RH,AirBeam:001896105CBB, 9936, 37.57932,-122.32199,75,25,50,100,0,percent,%,5981,"MobileSession",39.3743839
"22","2015-09-24T13:42:23Z", 9935,"2015-09-24T12:37:34Z","Lunch","HHHDenver",57.724300,27329, 37.56661,-122.32195,PM,Particulate Matter,3875, 37.56504,-122.32514,AirBeam-PM,AirBeam:001896105CBB, 9935, 37.56620,-122.32503,55,12,35,150,0,micrograms per cubic meter,µg/m³,3875,81.5441,27330, 37.56661,-122.32195,F,Temperature,3874, 37.56504,-122.32514,AirBeam-F,AirBeam:001896105CBB, 9935, 37.56620,-122.32503,75,25,50,100,0,degrees Fahrenheit,F,3874, 84.3551,27331, 37.56634,-122.32202,dB,Sound Level, 2109, 37.56505,-122.32503,Phone Microphone,Builtin, 9935, 37.56620,-122.32503,80,60,70,100,20,decibels,dB, 2109,37.7858,27332, 37.56661,-122.32195,RH,Humidity,3874, 37.56504,-122.32514,AirBeam-RH,AirBeam:001896105CBB, 9935, 37.56620,-122.32503,75,25,50,100,0,percent,%,3874,"MobileSession",57.7243303
"23","2015-09-24T17:27:02Z", 9934,"2015-09-24T16:39:08Z","Jump to SFO","HHHDenver", 4.740480,27325, 37.63312,-122.30735,PM,Particulate Matter,2863, 37.56371,-122.40182,AirBeam-PM,AirBeam:001896105CBB, 9934, 37.56371,-122.30735,55,12,35,150,0,micrograms per cubic meter,µg/m³,2863,83.4163,27326, 37.63312,-122.30735,F,Temperature,2863, 37.56371,-122.40182,AirBeam-F,AirBeam:001896105CBB, 9934, 37.56371,-122.30735,75,25,50,100,0,degrees Fahrenheit,F,2863, 76.7899,27327, 37.63312,-122.30735,dB,Sound Level, 3704, 37.56371,-122.40182,Phone Microphone,Builtin, 9934, 37.56371,-122.30735,80,60,70,100,20,decibels,dB, 3704,29.3779,27328, 37.63312,-122.30735,RH,Humidity,2863, 37.56371,-122.40182,AirBeam-RH,AirBeam:001896105CBB, 9934, 37.56371,-122.30735,75,25,50,100,0,percent,%,2863,"MobileSession", 4.7404785
"24","2015-09-21T16:19:40Z", 9888,"2015-09-21T15:38:01Z","bike 1","HHHDenver", 0.896685,27078, 39.68932,-104.87558,PM,Particulate Matter,2492, 39.66257,-104.89713,AirBeam-PM,AirBeam:001896105CBB, 9888, 39.68366,-104.89169,55,12,35,150,0,micrograms per cubic meter,µg/m³,2492,88.0867,27079, 39.68932,-104.87558,F,Temperature,2492, 39.66257,-104.89713,AirBeam-F,AirBeam:001896105CBB, 9888, 39.68366,-104.89169,75,25,50,100,0,degrees Fahrenheit,F,2492, 85.5835,27080, 39.68932,-104.87558,dB,Sound Level, 3157, 39.66257,-104.89713,Phone Microphone,Builtin, 9888, 39.68366,-104.89169,80,60,70,100,20,decibels,dB, 3157,12.3728,27081, 39.68932,-104.87558,RH,Humidity,2492, 39.66257,-104.89713,AirBeam-RH,AirBeam:001896105CBB, 9888, 39.68366,-104.89169,75,25,50,100,0,percent,%,2492,"MobileSession", 0.8966854
"25","2015-09-19T16:51:19Z", 9654,"2015-09-19T15:19:54Z","Errands 2","HHHDenver", 0.774846,26679, 39.69650,-104.86127,PM,Particulate Matter,5466, 39.68346,-104.89674,AirBeam-PM,AirBeam:001896105CBB, 9654, 39.68368,-104.89154,55,12,35,150,0,micrograms per cubic meter,µg/m³,5466,84.0161,26680, 39.69650,-104.86127,F,Temperature,5466, 39.68346,-104.89674,AirBeam-F,AirBeam:001896105CBB, 9654, 39.68368,-104.89154,75,25,50,100,0,degrees Fahrenheit,F,5466, 81.3244,26681, 39.69650,-104.86127,dB,Sound Level, 7013, 39.68346,-104.89674,Phone Microphone,Builtin, 9654, 39.68368,-104.89154,80,60,70,100,20,decibels,dB, 7013,19.6418,26682, 39.69650,-104.86127,RH,Humidity,5466, 39.68346,-104.89674,AirBeam-RH,AirBeam:001896105CBB, 9654, 39.68368,-104.89154,75,25,50,100,0,percent,%,5466,"MobileSession", 0.7748463
"26","2015-09-19T15:14:43Z", 9653,"2015-09-19T13:31:47Z","Errands","HHHDenver", 3.969600,26675, 39.70735,-104.87462,PM,Particulate Matter,6155, 39.67471,-104.92147,AirBeam-PM,AirBeam:001896105CBB, 9653, 39.68371,-104.89166,55,12,35,150,0,micrograms per cubic meter,µg/m³,6155,88.9633,26676, 39.70735,-104.87462,F,Temperature,6155, 39.67471,-104.92147,AirBeam-F,AirBeam:001896105CBB, 9653, 39.68371,-104.89166,75,25,50,100,0,degrees Fahrenheit,F,6155, 95.8438,26677, 39.70735,-104.87462,dB,Sound Level, 7868, 39.67471,-104.92141,Phone Microphone,Builtin, 9653, 39.68371,-104.89166,80,60,70,100,20,decibels,dB, 7868,20.7737,26678, 39.70735,-104.87462,RH,Humidity,6155, 39.67471,-104.92141,AirBeam-RH,AirBeam:001896105CBB, 9653, 39.68371,-104.89166,75,25,50,100,0,percent,%,6155,"MobileSession", 3.9695955
"27","2015-09-18T15:01:06Z", 9649,"2015-09-18T13:20:38Z","Smith","HHHDenver", 2.748090,26659, 39.97779,-105.23969,PM,Particulate Matter,2321, 39.97771,-105.23982,AirBeam-PM,AirBeam:001896105CBB, 9649, 39.97774,-105.23971,55,12,35,150,0,micrograms per cubic meter,µg/m³,2321,79.0228,26660, 39.97779,-105.23969,F,Temperature,2321, 39.97771,-105.23982,AirBeam-F,AirBeam:001896105CBB, 9649, 39.97774,-105.23971,75,25,50,100,0,degrees Fahrenheit,F,2321, 78.5957,26661, 39.97805,-105.23967,dB,Sound Level, 7759, 39.97357,-105.24147,Phone Microphone,Builtin, 9649, 39.97774,-105.23971,80,60,70,100,20,decibels,dB, 7759,28.0353,26662, 39.97779,-105.23969,RH,Humidity,2321, 39.97771,-105.23982,AirBeam-RH,AirBeam:001896105CBB, 9649, 39.97774,-105.23971,75,25,50,100,0,percent,%,2321,"MobileSession", 2.7480870
"28","2015-09-13T16:55:26Z", 9615,"2015-09-13T15:54:31Z","bike +","HHHDenver",22.157500,26492, 39.69632,-104.87561,PM,Particulate Matter,3640, 39.66255,-104.90847,AirBeam-PM,AirBeam:001896105CBB, 9615, 39.68369,-104.89170,55,12,35,150,0,micrograms per cubic meter,µg/m³,3640,89.9643,26493, 39.69632,-104.87560,F,Temperature,3640, 39.66255,-104.90847,AirBeam-F,AirBeam:001896105CBB, 9615, 39.68369,-104.89170,75,25,50,100,0,degrees Fahrenheit,F,3640, 83.9540,26494, 39.69632,-104.87560,dB,Sound Level, 4651, 39.66255,-104.90847,Phone Microphone,Builtin, 9615, 39.68369,-104.89170,80,60,70,100,20,decibels,dB, 4651,11.7896,26495, 39.69632,-104.87560,RH,Humidity,3640, 39.66255,-104.90847,AirBeam-RH,AirBeam:001896105CBB, 9615, 39.68369,-104.89170,75,25,50,100,0,percent,%,3640,"MobileSession",22.1575165
"29","2015-09-12T16:52:51Z", 9609,"2015-09-12T15:58:14Z","end","HHHDenver", 3.594120,26459, 39.83128,-105.00716,PM,Particulate Matter,3266, 39.75465,-105.42222,AirBeam-PM,AirBeam:001896105CBB, 9609, 39.83122,-105.42221,55,12,35,150,0,micrograms per cubic meter,µg/m³,3266,88.2627,26460, 39.83128,-105.00716,F,Temperature,3266, 39.75465,-105.42222,AirBeam-F,AirBeam:001896105CBB, 9609, 39.83122,-105.42221,75,25,50,100,0,degrees Fahrenheit,F,3266,110.2200,26461, 39.83128,-105.00716,dB,Sound Level, 4265, 39.75465,-105.42222,Phone Microphone,Builtin, 9609, 39.83122,-105.42221,80,60,70,100,20,decibels,dB, 4265,19.3859,26462, 39.83128,-105.00738,RH,Humidity,3265, 39.75465,-105.42222,AirBeam-RH,AirBeam:001896105CBB, 9609, 39.83122,-105.42221,75,25,50,100,0,percent,%,3265,"MobileSession", 3.5941151
"30","2015-09-12T14:59:09Z", 9608,"2015-09-12T14:25:56Z"," beaver trail 1","HHHDenver", 2.720410,26455, 39.84202,-105.41840,PM,Particulate Matter,1986, 39.82916,-105.46665,AirBeam-PM,AirBeam:001896105CBB, 9608, 39.84049,-105.46548,55,12,35,150,0,micrograms per cubic meter,µg/m³,1986,82.4431,26456, 39.84202,-105.41840,F,Temperature,1986, 39.82916,-105.46665,AirBeam-F,AirBeam:001896105CBB, 9608, 39.84049,-105.46548,75,25,50,100,0,degrees Fahrenheit,F,1986, 76.8022,26457, 39.84202,-105.41840,dB,Sound Level, 2571, 39.82916,-105.46669,Phone Microphone,Builtin, 9608, 39.84049,-105.46548,80,60,70,100,20,decibels,dB, 2571,18.0201,26458, 39.84202,-105.41840,RH,Humidity,1986, 39.82916,-105.46665,AirBeam-RH,AirBeam:001896105CBB, 9608, 39.84049,-105.46548,75,25,50,100,0,percent,%,1986,"MobileSession", 2.7204079
"31","2015-09-12T15:57:23Z", 9607,"2015-09-12T15:30:36Z","beaver trail 2","HHHDenver", 2.957270,26451, 39.83130,-105.41063,PM,Particulate Matter,1602, 39.82959,-105.42226,AirBeam-PM,AirBeam:001896105CBB, 9607, 39.82960,-105.41122,55,12,35,150,0,micrograms per cubic meter,µg/m³,1602,86.1411,26452, 39.83130,-105.41063,F,Temperature,1602, 39.82959,-105.42226,AirBeam-F,AirBeam:001896105CBB, 9607, 39.82960,-105.41122,75,25,50,100,0,degrees Fahrenheit,F,1602, 72.8141,26453, 39.83130,-105.41063,dB,Sound Level, 2050, 39.82959,-105.42226,Phone Microphone,Builtin, 9607, 39.82960,-105.41122,80,60,70,100,20,decibels,dB, 2050,18.3246,26454, 39.83130,-105.41063,RH,Humidity,1602, 39.82959,-105.42226,AirBeam-RH,AirBeam:001896105CBB, 9607, 39.82960,-105.41122,75,25,50,100,0,percent,%,1602,"MobileSession", 2.9572722
"32","2015-09-09T17:49:38Z", 9586,"2015-09-09T17:19:16Z","Bike ride short ","HHHDenver", 3.426350,26343, 39.68933,-104.87557,PM,Particulate Matter,1814, 39.66380,-104.89647,AirBeam-PM,AirBeam:001896105CBB, 9586, 39.68353,-104.89158,55,12,35,150,0,micrograms per cubic meter,µg/m³,1814,85.6946,26344, 39.68933,-104.87557,F,Temperature,1814, 39.66380,-104.89647,AirBeam-F,AirBeam:001896105CBB, 9586, 39.68353,-104.89158,75,25,50,100,0,degrees Fahrenheit,F,1814, 82.2814,26345, 39.68933,-104.87557,dB,Sound Level, 2321, 39.66380,-104.89647,Phone Microphone,Builtin, 9586, 39.68354,-104.89156,80,60,70,100,20,decibels,dB, 2321,14.1444,26346, 39.68933,-104.87557,RH,Humidity,1814, 39.66380,-104.89647,AirBeam-RH,AirBeam:001896105CBB, 9586, 39.68353,-104.89158,75,25,50,100,0,percent,%,1814,"MobileSession", 3.4263506
"33","2015-09-08T18:33:52Z", 9577,"2015-09-08T17:56:18Z","bike ride ","HHHDenver", 4.428620,26303, 39.69626,-104.87560,PM,Particulate Matter,2246, 39.66375,-104.89779,AirBeam-PM,AirBeam:001896105CBB, 9577, 39.68361,-104.89164,55,12,35,150,0,micrograms per cubic meter,µg/m³,2246,81.4345,26304, 39.69626,-104.87560,F,Temperature,2246, 39.66375,-104.89779,AirBeam-F,AirBeam:001896105CBB, 9577, 39.68361,-104.89164,75,25,50,100,0,degrees Fahrenheit,F,2246, 76.5306,26305, 39.69626,-104.87560,dB,Sound Level, 2904, 39.66375,-104.89779,Phone Microphone,Builtin, 9577, 39.68361,-104.89164,80,60,70,100,20,decibels,dB, 2904,20.7275,26306, 39.69626,-104.87560,RH,Humidity,2246, 39.66375,-104.89779,AirBeam-RH,AirBeam:001896105CBB, 9577, 39.68361,-104.89164,75,25,50,100,0,percent,%,2246,"MobileSession", 4.4286153
"34","2015-09-06T09:24:40Z", 9556,"2015-09-06T09:07:46Z","787 in Houston for Denver","HHHDenver", 1.900090,26174, 29.98876, -95.33628,PM,Particulate Matter,1011, 29.98818, -95.33678,AirBeam-PM,AirBeam:001896105CBB, 9556, 29.98857, -95.33631,55,12,35,150,0,micrograms per cubic meter,µg/m³,1011,79.4091,26175, 29.98876, -95.33628,F,Temperature,1012, 29.98818, -95.33678,AirBeam-F,AirBeam:001896105CBB, 9556, 29.98857, -95.33631,75,25,50,100,0,degrees Fahrenheit,F,1012, 75.7977,26176, 29.98876, -95.33628,dB,Sound Level, 1314, 29.98818, -95.33678,Phone Microphone,Builtin, 9556, 29.98857, -95.33631,80,60,70,100,20,decibels,dB, 1314,40.4822,26177, 29.98876, -95.33628,RH,Humidity,1012, 29.98818, -95.33678,AirBeam-RH,AirBeam:001896105CBB, 9556, 29.98857, -95.33631,75,25,50,100,0,percent,%,1012,"MobileSession", 1.9000890
"35","2015-09-05T16:16:55Z", 9541,"2015-09-05T15:52:04Z","gru","HHHDenver", 8.324430,26078,-23.42234, -46.47687,PM,Particulate Matter,1485,-23.53027, -46.65664,AirBeam-PM,AirBeam:001896105CBB, 9541,-23.51964, -46.65664,55,12,35,150,0,micrograms per cubic meter,µg/m³,1485,85.4034,26079,-23.42234, -46.47687,F,Temperature,1485,-23.53027, -46.65664,AirBeam-F,AirBeam:001896105CBB, 9541,-23.51964, -46.65664,75,25,50,100,0,degrees Fahrenheit,F,1485,112.5960,26080,-23.42234, -46.47689,dB,Sound Level, 1927,-23.53027, -46.65664,Phone Microphone,Builtin, 9541,-23.51964, -46.65664,80,60,70,100,20,decibels,dB, 1927,38.8229,26081,-23.42234, -46.47687,RH,Humidity,1485,-23.53027, -46.65664,AirBeam-RH,AirBeam:001896105CBB, 9541,-23.51964, -46.65664,75,25,50,100,0,percent,%,1485,"MobileSession", 8.3244310
"36","2015-09-05T17:33:14Z", 9540,"2015-09-05T16:53:25Z","GRU inside","HHHDenver", 7.204310,26074,-23.42337, -46.47682,PM,Particulate Matter,2380,-23.42337, -46.47682,AirBeam-PM,AirBeam:001896105CBB, 9540,-23.42337, -46.47682,55,12,35,150,0,micrograms per cubic meter,µg/m³,2380,81.2924,26075,-23.42337, -46.47682,F,Temperature,2380,-23.42337, -46.47682,AirBeam-F,AirBeam:001896105CBB, 9540,-23.42337, -46.47682,75,25,50,100,0,degrees Fahrenheit,F,2380, 87.5797,26076,-23.42337, -46.47682,dB,Sound Level, 3064,-23.42337, -46.47682,Phone Microphone,Builtin, 9540,-23.42337, -46.47682,80,60,70,100,20,decibels,dB, 3064,40.3487,26077,-23.42337, -46.47682,RH,Humidity,2380,-23.42337, -46.47682,AirBeam-RH,AirBeam:001896105CBB, 9540,-23.42337, -46.47682,75,25,50,100,0,percent,%,2380,"MobileSession", 7.2043067
"37","2015-09-05T14:58:38Z", 9538,"2015-09-05T13:41:10Z","lunch 6 Paris","HHHDenver",28.897200,26066,-23.56074, -46.66302,PM,Particulate Matter,4628,-23.56383, -46.66829,AirBeam-PM,AirBeam:001896105CBB, 9538,-23.56211, -46.66763,55,12,35,150,0,micrograms per cubic meter,µg/m³,4628,74.9015,26067,-23.56074, -46.66302,F,Temperature,4628,-23.56383, -46.66829,AirBeam-F,AirBeam:001896105CBB, 9538,-23.56211, -46.66763,75,25,50,100,0,degrees Fahrenheit,F,4628, 76.2218,26068,-23.56074, -46.66302,dB,Sound Level, 5987,-23.56383, -46.66829,Phone Microphone,Builtin, 9538,-23.56211, -46.66763,80,60,70,100,20,decibels,dB, 5987,50.4663,26069,-23.56074, -46.66302,RH,Humidity,4628,-23.56383, -46.66829,AirBeam-RH,AirBeam:001896105CBB, 9538,-23.56211, -46.66763,75,25,50,100,0,percent,%,4628,"MobileSession",28.8971976
"38","2015-09-05T15:23:23Z", 9537,"2015-09-05T15:03:15Z","6 Paris to Haddock","HHHDenver",20.754200,26062,-23.56304, -46.66792,PM,Particulate Matter,1203,-23.56393, -46.66970,AirBeam-PM,AirBeam:001896105CBB, 9537,-23.56380, -46.66793,55,12,35,150,0,micrograms per cubic meter,µg/m³,1203,73.8778,26063,-23.56304, -46.66792,F,Temperature,1203,-23.56393, -46.66970,AirBeam-F,AirBeam:001896105CBB, 9537,-23.56380, -46.66793,75,25,50,100,0,degrees Fahrenheit,F,1203, 75.6105,26064,-23.56304, -46.66792,dB,Sound Level, 1564,-23.56397, -46.66970,Phone Microphone,Builtin, 9537,-23.56397, -46.66841,80,60,70,100,20,decibels,dB, 1564,50.5037,26065,-23.56304, -46.66792,RH,Humidity,1203,-23.56393, -46.66970,AirBeam-RH,AirBeam:001896105CBB, 9537,-23.56380, -46.66793,75,25,50,100,0,percent,%,1203,"MobileSession",20.7542394
"39","2015-09-05T16:39:21Z", 9536,"2015-09-05T15:46:30Z","hotel candy hotel","HHHDenver",24.124100,26058,-23.56104, -46.66656,PM,Particulate Matter,3157,-23.56397, -46.66987,AirBeam-PM,AirBeam:001896105CBB, 9536,-23.56223, -46.66743,55,12,35,150,0,micrograms per cubic meter,µg/m³,3157,72.5236,26059,-23.56104, -46.66656,F,Temperature,3157,-23.56397, -46.66987,AirBeam-F,AirBeam:001896105CBB, 9536,-23.56223, -46.66743,75,25,50,100,0,degrees Fahrenheit,F,3157, 74.5586,26060,-23.56104, -46.66656,dB,Sound Level, 4086,-23.56397, -46.66987,Phone Microphone,Builtin, 9536,-23.56223, -46.66743,80,60,70,100,20,decibels,dB, 4086,50.9601,26061,-23.56104, -46.66656,RH,Humidity,3157,-23.56397, -46.66987,AirBeam-RH,AirBeam:001896105CBB, 9536,-23.56223, -46.66743,75,25,50,100,0,percent,%,3157,"MobileSession",24.1240641
"40","2015-09-04T20:31:26Z", 9523,"2015-09-04T20:14:04Z","Hotel to Kanji","HHHDenver",29.087900,26005,-23.56223, -46.66516,PM,Particulate Matter,1038,-23.56472, -46.66744,AirBeam-PM,AirBeam:001896105CBB, 9523,-23.56223, -46.66744,55,12,35,150,0,micrograms per cubic meter,µg/m³,1038,73.1908,26006,-23.56223, -46.66516,F,Temperature,1038,-23.56472, -46.66744,AirBeam-F,AirBeam:001896105CBB, 9523,-23.56223, -46.66744,75,25,50,100,0,degrees Fahrenheit,F,1038, 80.3242,26007,-23.56223, -46.66516,dB,Sound Level, 1328,-23.56472, -46.66744,Phone Microphone,Builtin, 9523,-23.56223, -46.66744,80,60,70,100,20,decibels,dB, 1328,55.2726,26008,-23.56223, -46.66516,RH,Humidity,1038,-23.56472, -46.66744,AirBeam-RH,AirBeam:001896105CBB, 9523,-23.56223, -46.66744,75,25,50,100,0,percent,%,1038,"MobileSession",29.0879288
"41","2015-09-04T21:48:04Z", 9522,"2015-09-04T21:19:14Z","kanji to JAM","HHHDenver",71.424400,26001,-23.56206, -46.66399,PM,Particulate Matter,1129,-23.56628, -46.66938,AirBeam-PM,AirBeam:001896105CBB, 9522,-23.56349, -46.66656,55,12,35,150,0,micrograms per cubic meter,µg/m³,1129,78.6581,26002,-23.56206, -46.66399,F,Temperature,1129,-23.56628, -46.66938,AirBeam-F,AirBeam:001896105CBB, 9522,-23.56349, -46.66656,75,25,50,100,0,degrees Fahrenheit,F,1129, 82.0038,26003,-23.56152, -46.66399,dB,Sound Level, 2224,-23.56628, -46.67159,Phone Microphone,Builtin, 9522,-23.56349, -46.66656,80,60,70,100,20,decibels,dB, 2224,41.7644,26004,-23.56206, -46.66399,RH,Humidity,1129,-23.56628, -46.66938,AirBeam-RH,AirBeam:001896105CBB, 9522,-23.56349, -46.66656,75,25,50,100,0,percent,%,1129,"MobileSession",71.4243666
"42","2015-09-04T23:16:18Z", 9521,"2015-09-04T23:09:09Z","JAM to Hotel","HHHDenver",86.412000,25997,-23.56110, -46.66703,PM,Particulate Matter, 428,-23.56287, -46.67159,AirBeam-PM,AirBeam:001896105CBB, 9521,-23.56157, -46.67159,55,12,35,150,0,micrograms per cubic meter,µg/m³, 428,83.9953,25998,-23.56110, -46.66703,F,Temperature, 428,-23.56287, -46.67159,AirBeam-F,AirBeam:001896105CBB, 9521,-23.56157, -46.67159,75,25,50,100,0,degrees Fahrenheit,F, 428, 80.5550,25999,-23.56110, -46.66703,dB,Sound Level,  554,-23.56287, -46.67159,Phone Microphone,Builtin, 9521,-23.56157, -46.67159,80,60,70,100,20,decibels,dB,  554,37.5654,26000,-23.56110, -46.66703,RH,Humidity, 428,-23.56287, -46.67159,AirBeam-RH,AirBeam:001896105CBB, 9521,-23.56157, -46.67159,75,25,50,100,0,percent,%, 428,"MobileSession",86.4119626
"43","2015-09-04T16:53:19Z", 9520,"2015-09-04T16:32:35Z","Av Paulisto to forest","HHHDenver",14.472400,25993,-23.56171, -46.65372,PM,Particulate Matter,1239,-23.56356, -46.65743,AirBeam-PM,AirBeam:001896105CBB, 9520,-23.56323, -46.65372,55,12,35,150,0,micrograms per cubic meter,µg/m³,1239,69.6069,25994,-23.56171, -46.65372,F,Temperature,1239,-23.56356, -46.65743,AirBeam-F,AirBeam:001896105CBB, 9520,-23.56323, -46.65372,75,25,50,100,0,degrees Fahrenheit,F,1239, 78.7293,25995,-23.56171, -46.65372,dB,Sound Level, 1597,-23.56356, -46.65743,Phone Microphone,Builtin, 9520,-23.56323, -46.65372,80,60,70,100,20,decibels,dB, 1597,55.9822,25996,-23.56171, -46.65372,RH,Humidity,1239,-23.56356, -46.65743,AirBeam-RH,AirBeam:001896105CBB, 9520,-23.56323, -46.65372,75,25,50,100,0,percent,%,1239,"MobileSession",14.4724052
"44","2015-09-04T17:25:46Z", 9519,"2015-09-04T16:57:01Z","forest to Hotel","HHHDenver",11.848700,25989,-23.56213, -46.65726,PM,Particulate Matter,1719,-23.56650, -46.66766,AirBeam-PM,AirBeam:001896105CBB, 9519,-23.56228, -46.65755,55,12,35,150,0,micrograms per cubic meter,µg/m³,1719,68.3714,25990,-23.56213, -46.65726,F,Temperature,1718,-23.56650, -46.66766,AirBeam-F,AirBeam:001896105CBB, 9519,-23.56228, -46.65755,75,25,50,100,0,degrees Fahrenheit,F,1718, 73.2149,25991,-23.56213, -46.65726,dB,Sound Level, 2226,-23.56650, -46.66766,Phone Microphone,Builtin, 9519,-23.56228, -46.65755,80,60,70,100,20,decibels,dB, 2226,57.9092,25992,-23.56213, -46.65726,RH,Humidity,1718,-23.56650, -46.66766,AirBeam-RH,AirBeam:001896105CBB, 9519,-23.56228, -46.65755,75,25,50,100,0,percent,%,1718,"MobileSession",11.8486853
"45","2015-09-04T16:31:03Z", 9517,"2015-09-04T15:23:34Z","to Av. Paulista","HHHDenver",12.464600,25981,-23.56210, -46.65384,PM,Particulate Matter,4034,-23.56971, -46.66762,AirBeam-PM,AirBeam:001896105CBB, 9517,-23.56231, -46.66738,55,12,35,150,0,micrograms per cubic meter,µg/m³,4034,71.0387,25982,-23.56210, -46.65384,F,Temperature,4034,-23.56971, -46.66762,AirBeam-F,AirBeam:001896105CBB, 9517,-23.56231, -46.66738,75,25,50,100,0,degrees Fahrenheit,F,4034, 75.5330,25983,-23.56210, -46.65384,dB,Sound Level, 5198,-23.56971, -46.66762,Phone Microphone,Builtin, 9517,-23.56231, -46.66738,80,60,70,100,20,decibels,dB, 5198,55.8260,25984,-23.56210, -46.65384,RH,Humidity,4034,-23.56971, -46.66762,AirBeam-RH,AirBeam:001896105CBB, 9517,-23.56231, -46.66738,75,25,50,100,0,percent,%,4034,"MobileSession",12.4646356
"46","2015-09-03T16:02:44Z", 9514,"2015-09-03T15:05:35Z","Hotel to cemetary","HHHDenver",53.862800,25970,-23.55774, -46.66702,PM,Particulate Matter,3415,-23.56514, -46.68521,AirBeam-PM,AirBeam:001896105CBB, 9514,-23.56214, -46.66748,55,12,35,150,0,micrograms per cubic meter,µg/m³,3415,83.8062,25971,-23.55774, -46.66702,F,Temperature,3415,-23.56514, -46.68521,AirBeam-F,AirBeam:001896105CBB, 9514,-23.56214, -46.66748,75,25,50,100,0,degrees Fahrenheit,F,3415, 82.4748,25972,-23.55774, -46.66702,dB,Sound Level, 4384,-23.56514, -46.68521,Phone Microphone,Builtin, 9514,-23.56214, -46.66748,80,60,70,100,20,decibels,dB, 4384,37.8591,25973,-23.55774, -46.66702,RH,Humidity,3415,-23.56514, -46.68521,AirBeam-RH,AirBeam:001896105CBB, 9514,-23.56214, -46.66748,75,25,50,100,0,percent,%,3415,"MobileSession",53.8627966
"47","2015-09-03T17:02:28Z", 9513,"2015-09-03T16:04:04Z","graveyard to Medicini, Teodoro and De. Arnaldo","HHHDenver",50.283500,25966,-23.55408, -46.67148,PM,Particulate Matter,3489,-23.55898, -46.68526,AirBeam-PM,AirBeam:001896105CBB, 9513,-23.55818, -46.68520,55,12,35,150,0,micrograms per cubic meter,µg/m³,3489,81.1310,25967,-23.55408, -46.67148,F,Temperature,3489,-23.55898, -46.68526,AirBeam-F,AirBeam:001896105CBB, 9513,-23.55818, -46.68520,75,25,50,100,0,degrees Fahrenheit,F,3489, 81.1112,25968,-23.55408, -46.67148,dB,Sound Level, 4516,-23.55898, -46.68526,Phone Microphone,Builtin, 9513,-23.55818, -46.68520,80,60,70,100,20,decibels,dB, 4516,38.8409,25969,-23.55408, -46.67148,RH,Humidity,3489,-23.55898, -46.68526,AirBeam-RH,AirBeam:001896105CBB, 9513,-23.55818, -46.68520,75,25,50,100,0,percent,%,3489,"MobileSession",50.2835254
"48","2015-09-03T17:44:24Z", 9512,"2015-09-03T17:04:23Z","N of convention to Hotel.","HHHDenver",28.102200,25962,-23.55404, -46.66390,PM,Particulate Matter,2392,-23.56236, -46.67136,AirBeam-PM,AirBeam:001896105CBB, 9512,-23.55409, -46.67135,55,12,35,150,0,micrograms per cubic meter,µg/m³,2392,78.2191,25963,-23.55404, -46.66390,F,Temperature,2392,-23.56236, -46.67136,AirBeam-F,AirBeam:001896105CBB, 9512,-23.55409, -46.67135,75,25,50,100,0,degrees Fahrenheit,F,2392, 82.8353,25964,-23.55404, -46.66390,dB,Sound Level, 3086,-23.56236, -46.67136,Phone Microphone,Builtin, 9512,-23.55409, -46.67135,80,60,70,100,20,decibels,dB, 3086,40.4649,25965,-23.55404, -46.66390,RH,Humidity,2392,-23.56236, -46.67136,AirBeam-RH,AirBeam:001896105CBB, 9512,-23.55409, -46.67135,75,25,50,100,0,percent,%,2392,"MobileSession",28.1021991
"49","2015-09-03T20:36:39Z", 9511,"2015-09-03T20:05:51Z","Hotel to Mestico ","HHHDenver",33.671400,25958,-23.55317, -46.65854,PM,Particulate Matter,1841,-23.56233, -46.66784,AirBeam-PM,AirBeam:001896105CBB, 9511,-23.56217, -46.66756,55,12,35,150,0,micrograms per cubic meter,µg/m³,1841,75.7583,25959,-23.55317, -46.65854,F,Temperature,1841,-23.56233, -46.66784,AirBeam-F,AirBeam:001896105CBB, 9511,-23.56217, -46.66756,75,25,50,100,0,degrees Fahrenheit,F,1841, 78.1193,25960,-23.55317, -46.65854,dB,Sound Level, 2350,-23.56233, -46.66784,Phone Microphone,Builtin, 9511,-23.56217, -46.66756,80,60,70,100,20,decibels,dB, 2350,46.8523,25961,-23.55317, -46.65854,RH,Humidity,1841,-23.56233, -46.66784,AirBeam-RH,AirBeam:001896105CBB, 9511,-23.56217, -46.66756,75,25,50,100,0,percent,%,1841,"MobileSession",33.6714396
"50","2015-09-03T23:00:37Z", 9510,"2015-09-03T22:30:07Z","Mestico to Hotel","HHHDenver",29.156100,25954,-23.55285, -46.65767,PM,Particulate Matter,1822,-23.56240, -46.66773,AirBeam-PM,AirBeam:001896105CBB, 9510,-23.55317, -46.65872,55,12,35,150,0,micrograms per cubic meter,µg/m³,1822,80.7316,25955,-23.55285, -46.65767,F,Temperature,1822,-23.56240, -46.66773,AirBeam-F,AirBeam:001896105CBB, 9510,-23.55317, -46.65872,75,25,50,100,0,degrees Fahrenheit,F,1822, 78.1309,25956,-23.55285, -46.65767,dB,Sound Level, 2345,-23.56240, -46.66773,Phone Microphone,Builtin, 9510,-23.55317, -46.65872,80,60,70,100,20,decibels,dB, 2345,39.6015,25957,-23.55285, -46.65767,RH,Humidity,1822,-23.56240, -46.66773,AirBeam-RH,AirBeam:001896105CBB, 9510,-23.55317, -46.65872,75,25,50,100,0,percent,%,1822,"MobileSession",29.1560704
